title	sku	rrp_text	trade_price_gbp_ex_vat	url	http
Pokémon TCG: Mega Evolution - Elite Trainer Box - Lucario	POK1010047110	£49.99	27.05	https://www.asmodee.co.uk/products/pok1010047110-pokemon-tcg-mega-evolution-elite-trainer-box-lucario	200
Pokémon TCG: Mega Evolution Chaos Rising - Elite Trainer Box  (1)	POK1010399111	£49.99	27.05	https://www.asmodee.co.uk/products/pok1010399111-pokemon-tcg-mega-evolution-chaos-rising-elite-trainer-box-1	200
Pokémon TCG: Mega Evolution Chaos Rising - Boosters Display CDU (36)	POK1010407119	36 units at £4.29	82.80	https://www.asmodee.co.uk/products/pok1010407119-pokemon-tcg-mega-evolution-chaos-rising-boosters-display-cdu-36	200
Pokémon TCG: Mega Evolution Chaos Rising - 3-Pack CDU (12)	POK1010401118	12 units at £13.99	90.60	https://www.asmodee.co.uk/products/pok1010401118-pokemon-tcg-mega-evolution-chaos-rising-3-pack-cdu-12	200
Pokémon TCG: Mega Evolution Pitch Black - Elite Trainer Box	POK1010416111	£49.99	27.05	https://www.asmodee.co.uk/products/pok1010416111-pokemon-tcg-mega-evolution-pitch-black-elite-trainer-box	200
Pokémon TCG: Mega Evolution Pitch Black - 3 Pack CDU	POK1010419119	12 units at £13.99	90.60	https://www.asmodee.co.uk/products/pok1010419119-pokemon-tcg-mega-evolution-pitch-black-3-pack-cdu	200
Pokémon TCG: Mega Evolution Pitch Black - Booster Display CDU	POK1010425120	36 units at £4.29	82.80	https://www.asmodee.co.uk/products/pok1010425120-pokemon-tcg-mega-evolution-pitch-black-booster-display-cdu	200
Pokémon TCG: Mega Evolution Perfect Order -  Elite Trainer Box (1)	POK1010372111	£49.99	27.05	https://www.asmodee.co.uk/products/pok1010372111-pokemon-tcg-mega-evolution-perfect-order-elite-trainer-box-1	200
Pokémon TCG: Mega Evolution Perfect Order - Booster Display CDU (36)	POK1010380119	36 units at £4.29	82.80	https://www.asmodee.co.uk/products/pok1010380119-pokemon-tcg-mega-evolution-perfect-order-booster-display-cdu-36	200
Pokémon TCG: Mega Evolution Chaos Rising - Booster Bundle (25)	POK1010403109	25 units at £24.99	337.50	https://www.asmodee.co.uk/products/pok1010403109-pokemon-tcg-mega-evolution-chaos-rising-booster-bundle-25	200
Pokémon TCG: Mega Evolution Ascended Heroes - Premium Poster Collection - Assortment (Case of 6)	POK1010302120	6 units at £49.99	162.30	https://www.asmodee.co.uk/products/pok1010302120-pokemon-tcg-mega-evolution-ascended-heroes-premium-poster-collection-assortment-case-of-6	200
Pokémon TCG: Mega Evolution Chaos Rising - Premium Checklane CDU (12)	POK1010405109	12 units at £6.99	45.00	https://www.asmodee.co.uk/products/pok1010405109-pokemon-tcg-mega-evolution-chaos-rising-premium-checklane-cdu-12	200
Pokémon TCG: Mega Evolution Phantasmal Flames - Booster Display CDU	POK1010190119	36 units at £4.29	82.80	https://www.asmodee.co.uk/products/pok1010190119-pokemon-tcg-mega-evolution-phantasmal-flames-booster-display-cdu	200
Pokémon TCG: Mega Evolution Phantasmal Flames - Premium Checklane CDU	POK1010189105	12 units at £6.99	45.00	https://www.asmodee.co.uk/products/pok1010189105-pokemon-tcg-mega-evolution-phantasmal-flames-premium-checklane-cdu	200
Pokémon TCG: Mega Evolution Perfect Order - Premium Checklane CDU (12)	POK1010374109	12 units at £6.99	45.00	https://www.asmodee.co.uk/products/pok1010374109-pokemon-tcg-mega-evolution-perfect-order-premium-checklane-cdu-12	200
Pokémon TCG: Mega Evolution Phantasmal Flames - Elite Trainer Box	POK1010186101	£49.99	27.05	https://www.asmodee.co.uk/products/pok1010186101-pokemon-tcg-mega-evolution-phantasmal-flames-elite-trainer-box	200
Pokémon TCG: Mega Evolution - 3-pack	POK1010050121	12 units at £13.99	90.60	https://www.asmodee.co.uk/products/pok1010050121-pokemon-tcg-mega-evolution-3-pack	200
Pokémon TCG: Mega Evolution Phantasmal Flames - 3 Pack CDU	POK1010187121	12 units at £13.99	90.60	https://www.asmodee.co.uk/products/pok1010187121-pokemon-tcg-mega-evolution-phantasmal-flames-3-pack-cdu	200
Pokémon TCG: Mega Evolution - Booster Display	POK1010057125	36 units at £4.29	82.80	https://www.asmodee.co.uk/products/pok1010057125-pokemon-tcg-mega-evolution-booster-display	200
Pokémon TCG: Mega Evolution Phantasmal Flames - Booster Bundle CDU	POK1010191101	25 units at £24.99	337.50	https://www.asmodee.co.uk/products/pok1010191101-pokemon-tcg-mega-evolution-phantasmal-flames-booster-bundle-cdu	200
Pokémon TCG: Mega Evolution Delta Reign - Premium Checklane CDU	POK1010444109	12 units at £6.99	45.00	https://www.asmodee.co.uk/products/pok1010444109-pokemon-tcg-mega-evolution-delta-reign-premium-checklane-cdu	200
Pokémon TCG: Mega Evolution Delta Reign - Elite Trainer Box	POK1010438111	£49.99	27.05	https://www.asmodee.co.uk/products/pok1010438111-pokemon-tcg-mega-evolution-delta-reign-elite-trainer-box	200
Pokémon TCG: Mega Evolution Delta Reign - Booster Display CDU	POK1010446101	36 units at £4.29	82.80	https://www.asmodee.co.uk/products/pok1010446101-pokemon-tcg-mega-evolution-delta-reign-booster-display-cdu	200
Pokémon TCG: Mega Evolution Delta Reign - Booster Bundle	POK1010439109	25 units at £24.99	337.50	https://www.asmodee.co.uk/products/pok1010439109-pokemon-tcg-mega-evolution-delta-reign-booster-bundle	200
Pokémon TCG: Mega Evolution Delta Reign - 3 Pack CDU	POK1010440118	12 units at £13.99	90.60	https://www.asmodee.co.uk/products/pok1010440118-pokemon-tcg-mega-evolution-delta-reign-3-pack-cdu	200
Pokémon TCG: Booster Bundle - 30th Celebration	POK1010451101	25 units at £24.99	337.50	https://www.asmodee.co.uk/products/pok1010451101-pokemon-tcg-booster-bundle-30th-celebration	200
Pokémon TCG: Mini Tins - Assorted Display - 30th Celebration	POK1010465101	10 units at £12.99	70.00	https://www.asmodee.co.uk/products/pok1010465101-pokemon-tcg-mini-tins-assorted-display-30th-celebration	200
Pokémon TCG:  2 pack Blister - 30th Celebration	POK1010666102	12 units at £9.99	64.80	https://www.asmodee.co.uk/products/pok1010666102-pokemon-tcg-2-pack-blister-30th-celebration	200
Pokémon TCG: ex Tin  - Greninja - 30th Celebration	POK1010466114	6 units at £21.99	71.40	https://www.asmodee.co.uk/products/pok1010466114-pokemon-tcg-ex-tin-greninja-30th-celebration	200
Pokémon TCG: ex Tin  - Sylveon - 30th Celebration	POK1010466108	6 units at £21.99	71.40	https://www.asmodee.co.uk/products/pok1010466108-pokemon-tcg-ex-tin-sylveon-30th-celebration	200
Pokémon TCG: ex Box - Greninja - 30th Celebration	POK1010463114	6 units at £21.99	71.40	https://www.asmodee.co.uk/products/pok1010463114-pokemon-tcg-ex-box-greninja-30th-celebration	200
Pokémon TCG: ex Box - Sylveon - 30th Celebration	POK1010463108	6 units at £21.99	71.40	https://www.asmodee.co.uk/products/pok1010463108-pokemon-tcg-ex-box-sylveon-30th-celebration	200
Pokémon TCG: Elite Trainer Box - 30th Celebration	POK1010447101	£49.99	27.05	https://www.asmodee.co.uk/products/pok1010447101-pokemon-tcg-elite-trainer-box-30th-celebration	200
Pokémon TCG: Poster Collection - 30th Celebration	POK1010467101	6 units at £19.99	64.80	https://www.asmodee.co.uk/products/pok1010467101-pokemon-tcg-poster-collection-30th-celebration	200
Pokémon TCG: Binder Collection - 30th Celebration	POK1010450101	6 units at £37.99	123.30	https://www.asmodee.co.uk/products/pok1010450101-pokemon-tcg-binder-collection-30th-celebration	200
Pokémon TCG: Tech Sticker Collection - Assorted - 30th Celebration	POK1010449101	12 units at £16.99	110.40	https://www.asmodee.co.uk/products/pok1010449101-pokemon-tcg-tech-sticker-collection-assorted-30th-celebration	200
Pokémon TCG: Mega Evolution 2 Pack Blister August 2026 – Zarude	POK1010412101	36 units at £9.99	194.40	https://www.asmodee.co.uk/products/pok1010412101-pokemon-tcg-mega-evolution-2-pack-blister-august-2026-zarude	200
Pokémon TCG: Mega Evolution Pitch Black - Premium Checklane CDU	POK1010421109	12 units at £6.99	45.00	https://www.asmodee.co.uk/products/pok1010421109-pokemon-tcg-mega-evolution-pitch-black-premium-checklane-cdu	200
Pokémon TCG: Mega Evolution Pitch Black - Booster Bundle	POK1010422109	25 units at £24.99	337.50	https://www.asmodee.co.uk/products/pok1010422109-pokemon-tcg-mega-evolution-pitch-black-booster-bundle	200
Pokémon TCG: Mega Evolution Ascended Heroes - Booster Bundle	POK1010311114	25 units at £24.99	337.50	https://www.asmodee.co.uk/products/pok1010311114-pokemon-tcg-mega-evolution-ascended-heroes-booster-bundle	200
Pokémon TCG: Mega Evolution Ascended Heroes - Mega Feraligatr ex Box	POK1010313129	6 units at £21.99	71.40	https://www.asmodee.co.uk/products/pok1010313129-pokemon-tcg-mega-evolution-ascended-heroes-mega-feraligatr-ex-box	200
Pokémon TCG: Mega Evolution Ascended Heroes - Mega Emboar ex Box	POK1010313128	6 units at £21.99	71.40	https://www.asmodee.co.uk/products/pok1010313128-pokemon-tcg-mega-evolution-ascended-heroes-mega-emboar-ex-box	200
Pokémon TCG: Mega Evolution Ascended Heroes - Mega Meganium ex Box	POK1010313127	6 units at £21.99	71.40	https://www.asmodee.co.uk/products/pok1010313127-pokemon-tcg-mega-evolution-ascended-heroes-mega-meganium-ex-box	200
Pokémon TCG: Mega Evolution Perfect Order - Booster Bundle (25)	POK1010377109	25 units at £24.99	337.50	https://www.asmodee.co.uk/products/pok1010377109-pokemon-tcg-mega-evolution-perfect-order-booster-bundle-25	200
Pokémon TCG: Mega Evolution Perfect Order - 3 Pack CDU (12)	POK1010375119	12 units at £13.99	90.60	https://www.asmodee.co.uk/products/pok1010375119-pokemon-tcg-mega-evolution-perfect-order-3-pack-cdu-12	200
Pokémon TCG: Mega Evolution Ascended Heroes - First Partners Deluxe Pin Collection	POK1010301108	6 units at £24.99	81.00	https://www.asmodee.co.uk/products/pok1010301108-pokemon-tcg-mega-evolution-ascended-heroes-first-partners-deluxe-pin-collection	200
Pokémon TCG: Mega Evolution Ascended Heroes - Elite Trainer Box	POK1010315101	£49.99	27.05	https://www.asmodee.co.uk/products/pok1010315101-pokemon-tcg-mega-evolution-ascended-heroes-elite-trainer-box	200
Pokémon TCG: Mega Evolution Ascended Heroes - Mini Tins - Assorted Display - CDU (10)	POK1010318138	10 units at £10.99	59.50	https://www.asmodee.co.uk/products/pok1010318138-pokemon-tcg-mega-evolution-ascended-heroes-mini-tins-assorted-display-cdu-10	200
Pokémon TCG: Mega Evolution Ascended Heroes - Tech Sticker Collection - Assorted Display	POK1010314120	12 units at £16.99	110.40	https://www.asmodee.co.uk/products/pok1010314120-pokemon-tcg-mega-evolution-ascended-heroes-tech-sticker-collection-assorted-display	200
Pokémon TCG: Mega Charizard Ultra-Premium Collection	POK1010065109	£124.99	67.70	https://www.asmodee.co.uk/products/pok1010065109-pokemon-tcg-mega-charizard-ultra-premium-collection	200
Pokémon TCG: Mega Greninja ex Premium Collection	POK1010413108	6 units at £39.99	129.90	https://www.asmodee.co.uk/products/pok1010413108-pokemon-tcg-mega-greninja-ex-premium-collection	200
Pokémon TCG: Mega Zygarde ex Premium Collection	POK1010359108	6 units at £39.99	129.90	https://www.asmodee.co.uk/products/pok1010359108-pokemon-tcg-mega-zygarde-ex-premium-collection	200
